{"21_RRRN": {"valid_runtime": [2961.47119140625, 45.42329788208008, 70.44496154785156, 51.54313659667969, 65.07286071777344, 54.24198532104492, 177.41302490234375, 48.15100860595703, 48.1611213684082, 110.43209838867188, 54.86150360107422, 85.3163833618164, 79.67817687988281, 51.35337448120117, 209.2617950439453, 38.51017761230469, 51.16796875, 73.01554870605469, 60.33561706542969, 72.57052612304688, 91.82540893554688, 96.27999877929688, 92.93456268310547, 65.03174591064453, 83.56694030761719, 283.92364501953125, 60.453025817871094, 42.858558654785156, 61.40691375732422, 69.47599792480469, 81.36000061035156, 102.76534271240234, 222.21200561523438, 44.76457595825195, 58.27017593383789, 100.15929412841797, 50.914974212646484, 241.8756866455078, 44.502113342285156, 38.97404861450195, 56.853729248046875, 66.33385467529297, 82.49718475341797, 100.43363189697266, 75.40076446533203, 109.01315307617188, 59.06576156616211, 173.97215270996094, 45.44367980957031, 44.584129333496094, 93.45414733886719, 67.22061157226562, 56.006752014160156, 60.5384635925293, 343.51702880859375, 39.87980651855469, 88.27827453613281, 51.0153923034668, 51.185665130615234, 120.40505981445312, 247.84800720214844, 38.603904724121094, 43.31340789794922, 52.99241638183594, 101.64208221435547, 78.761474609375, 74.56034851074219, 286.6735534667969, 38.338687896728516, 44.56537628173828, 53.031105041503906, 63.67417526245117, 79.09661102294922, 73.91180419921875, 123.00045013427734, 236.0972137451172, 38.4890251159668, 52.99110412597656, 92.54911804199219, 63.135040283203125, 72.95696258544922, 89.47824096679688, 280.657958984375, 45.537025451660156, 45.64441680908203, 62.71760177612305, 78.1678695678711, 73.85011291503906, 76.07603454589844, 109.720703125, 173.8164520263672, 62.23116683959961, 46.288639068603516, 65.59967803955078, 119.44127655029297, 58.264801025390625, 84.4721908569336, 54.295711517333984, 217.96649169921875, 38.77008056640625], "valid_psnr": [29.36445437882556, 35.2713262738315, 40.36333819501908, 27.515691428712238, 28.56632311046395, 28.253082319154835, 20.26335390239796, 26.78492874804145, 32.20558514101103, 26.739419419659967, 29.106987124864045, 27.966469971018665, 31.390603421898057, 28.317440228488564, 33.99694997952788, 31.65617904619987, 32.09150898714701, 28.79694333988248, 28.014760297124912, 24.938417868079448, 32.399954435263076, 30.665209967391064, 26.051150447450368, 28.506076559581835, 27.396032579614072, 24.265228943612044, 33.46634278545322, 23.065397229800485, 26.60028160850438, 24.555988538187666, 30.322281104616266, 30.644111377496476, 34.16235152107227, 25.412706687538027, 22.819104161106452, 26.04451950955713, 26.269579123645144, 37.745187032368335, 29.05997766189927, 28.40998518857431, 28.068478386433682, 29.81489623715388, 40.94580499440877, 44.15964100453361, 24.445526823196886, 26.37037625227892, 27.78331332632031, 27.278814642791495, 22.44386164653802, 29.117707869030678, 28.439475881245862, 30.046578346502034, 34.21568888287395, 24.952962640515533, 29.32255637083977, 24.251545047882075, 34.94072247302662, 28.491773328937246, 25.332922522557443, 20.54042404740509, 23.091629068660357, 33.13021483005821, 33.20590537661951, 29.957232921854594, 27.281843924459416, 25.02078549193799, 28.52057908147657, 32.7803083729311, 23.737442069743704, 28.594396622830867, 32.14054565993771, 23.94966807212875, 24.07604292948217, 30.04324654356911, 24.418916025135342, 22.124817042503718, 40.23856944853837, 32.196651586747464, 27.354046796596165, 32.08752000918767, 25.984124098769144, 34.20958345309578, 26.27007394369485, 25.94533394583825, 23.01070491675237, 36.387003906580155, 25.32718029107487, 30.61822271293972, 30.976794106439435, 25.291682022596152, 26.99820082932742, 30.402086026737418, 33.221376073018256, 31.682020101103316, 20.400894842676955, 39.08899667434544, 22.17072639410162, 34.49433132237453, 31.68729703712495, 28.2323269570809], "valid_memory": 329.732421875, "valid_ave_runtime": 118.66308338165283, "valid_ave_psnr": 28.967776218986224, "activations": 61.866496, "num_conv": 23, "flops": 33.38249856, "num_parameters": 0.542832}, "21_CARN": {"valid_runtime": [2884.974609375, 44.66438293457031, 67.59123229980469, 51.54006576538086, 65.3116455078125, 172.95802307128906, 51.217567443847656, 63.270912170410156, 47.565185546875, 79.93679809570312, 39.532894134521484, 52.0882568359375, 72.53177642822266, 67.3814697265625, 59.34355163574219, 55.12684631347656, 132.08924865722656, 192.14108276367188, 41.06345748901367, 40.73427200317383, 59.11648178100586, 309.94384765625, 58.48643112182617, 47.47721481323242, 57.54246520996094, 112.00265502929688, 84.23462677001953, 55.92979049682617, 68.98400115966797, 143.22341918945312, 52.23689651489258, 52.455169677734375, 100.58246612548828, 65.74479675292969, 105.92733001708984, 105.07206726074219, 285.2731018066406, 38.978206634521484, 37.82988739013672, 60.93513488769531, 81.85539245605469, 66.97980499267578, 68.35456085205078, 70.90425872802734, 67.08271789550781, 96.24995422363281, 54.61318588256836, 81.39263916015625, 48.10598373413086, 48.01590347290039, 86.06371307373047, 60.47942352294922, 66.61238098144531, 44.897918701171875, 78.69782257080078, 41.44371032714844, 84.35628509521484, 66.36399841308594, 82.50918579101562, 126.01510620117188, 187.17575073242188, 38.19795227050781, 42.352447509765625, 54.66425704956055, 115.71437072753906, 65.5030746459961, 56.353790283203125, 47.46015930175781, 62.48195266723633, 89.94329833984375, 67.55152130126953, 67.60649871826172, 311.3161315917969, 47.01433563232422, 57.78281784057617, 59.61507034301758, 110.6430435180664, 115.17228698730469, 105.26041412353516, 51.31974411010742, 53.83244705200195, 72.79081726074219, 240.84742736816406, 50.911903381347656, 44.87190246582031, 65.58124542236328, 105.75446319580078, 56.90137481689453, 67.18380737304688, 120.68153381347656, 99.00332641601562, 58.86403274536133, 55.573760986328125, 68.79497528076172, 141.13253784179688, 56.868896484375, 66.44569396972656, 58.27439880371094, 70.87430572509766, 140.3599090576172],